{
	"reach_10": {
		"achievement_code_android": "CgkInePUndUQEAIQAA",
		"achievement_code_ios": "ballwall_reach_10",
		"achievement_code": "reach_10",
		"achievement_type": "STANDARD",
		"achievement_steps": 1,
		"achievement_state": "REVEALED",
		"achievement_order": 1,
		"achievement_points": 5,
		"achievement_description": {
			"fr": "Atteindre 10 rebonds dans une même partie",
			"de": "Make 10 bounces in one game",
			"en": "Make 10 bounces in one game",
			"es": "Make 10 bounces in one game",
			"it": "Make 10 bounces in one game",
			"ko": "Make 10 bounces in one game",
			"pt": "Make 10 bounces in one game",
			"tr": "Make 10 bounces in one game",
			"af": "Make 10 bounces in one game",
			"ms": "Make 10 bounces in one game",
			"nl": "Make 10 bounces in one game",
			"ru": "Make 10 bounces in one game",
			"vn": "Make 10 bounces in one game",
			"zh": "Make 10 bounces in one game",
			"tw": "Make 10 bounces in one game",
			"ar": "Make 10 bounces in one game",
			"hi": "Make 10 bounces in one game",
			"id": "Make 10 bounces in one game",
			"ja": "Make 10 bounces in one game",
			"th": "Make 10 bounces in one game"
		}
	},
	"reach_50": {
		"achievement_code_android": "CgkInePUndUQEAIQAQ",
		"achievement_code_ios": "ballwall_reach_50",
		"achievement_code": "reach_50",
		"achievement_type": "STANDARD",
		"achievement_steps": 1,
		"achievement_state": "REVEALED",
		"achievement_order": 2,
		"achievement_points": 25,
		"achievement_description": {
			"fr": "Atteindre 50 rebonds dans une même partie",
			"de": "Make 50 bounces in one game",
			"en": "Make 50 bounces in one game",
			"es": "Make 50 bounces in one game",
			"it": "Make 50 bounces in one game",
			"ko": "Make 50 bounces in one game",
			"pt": "Make 50 bounces in one game",
			"tr": "Make 50 bounces in one game",
			"af": "Make 50 bounces in one game",
			"ms": "Make 50 bounces in one game",
			"nl": "Make 50 bounces in one game",
			"ru": "Make 50 bounces in one game",
			"vn": "Make 50 bounces in one game",
			"zh": "Make 50 bounces in one game",
			"tw": "Make 50 bounces in one game",
			"ar": "Make 50 bounces in one game",
			"hi": "Make 50 bounces in one game",
			"id": "Make 50 bounces in one game",
			"ja": "Make 50 bounces in one game",
			"th": "Make 50 bounces in one game"
		}
	},
	"reach_75": {
		"achievement_code_android": "CgkInePUndUQEAIQAg",
		"achievement_code_ios": "ballwall_reach_75",
		"achievement_code": "reach_75",
		"achievement_type": "STANDARD",
		"achievement_steps": 1,
		"achievement_state": "REVEALED",
		"achievement_order": 3,
		"achievement_points": 40,
		"achievement_description": {
			"fr": "Atteindre 75 rebonds dans une même partie",
			"de": "Make 75 bounces in one game",
			"en": "Make 75 bounces in one game",
			"es": "Make 75 bounces in one game",
			"it": "Make 75 bounces in one game",
			"ko": "Make 75 bounces in one game",
			"pt": "Make 75 bounces in one game",
			"tr": "Make 75 bounces in one game",
			"af": "Make 75 bounces in one game",
			"ms": "Make 75 bounces in one game",
			"nl": "Make 75 bounces in one game",
			"ru": "Make 75 bounces in one game",
			"vn": "Make 75 bounces in one game",
			"zh": "Make 75 bounces in one game",
			"tw": "Make 75 bounces in one game",
			"ar": "Make 75 bounces in one game",
			"hi": "Make 75 bounces in one game",
			"id": "Make 75 bounces in one game",
			"ja": "Make 75 bounces in one game",
			"th": "Make 75 bounces in one game"
		}
	},
	"reach_100": {
		"achievement_code_android": "CgkInePUndUQEAIQAw",
		"achievement_code_ios": "ballwall_reach_100",
		"achievement_code": "reach_100",
		"achievement_type": "STANDARD",
		"achievement_steps": 1,
		"achievement_state": "REVEALED",
		"achievement_order": 4,
		"achievement_points": 55,
		"achievement_description": {
			"fr": "Atteindre 100 rebonds dans une même partie",
			"de": "Make 100 bounces in one game",
			"en": "Make 100 bounces in one game",
			"es": "Make 100 bounces in one game",
			"it": "Make 100 bounces in one game",
			"ko": "Make 100 bounces in one game",
			"pt": "Make 100 bounces in one game",
			"tr": "Make 100 bounces in one game",
			"af": "Make 100 bounces in one game",
			"ms": "Make 100 bounces in one game",
			"nl": "Make 100 bounces in one game",
			"ru": "Make 100 bounces in one game",
			"vn": "Make 100 bounces in one game",
			"zh": "Make 100 bounces in one game",
			"tw": "Make 100 bounces in one game",
			"ar": "Make 100 bounces in one game",
			"hi": "Make 100 bounces in one game",
			"id": "Make 100 bounces in one game",
			"ja": "Make 100 bounces in one game",
			"th": "Make 100 bounces in one game"
		}
	},
	"play_5": {
		"achievement_code_android": "CgkInePUndUQEAIQBA",
		"achievement_code_ios": "ballwall_play_5",
		"achievement_code": "play_5",
		"achievement_type": "INCREMENTAL",
		"achievement_steps": 5,
		"achievement_state": "REVEALED",
		"achievement_order": 5,
		"achievement_points": 5,
		"achievement_description": {
			"fr": "Jouer 5 parties",
			"de": "Play 5 games",
			"en": "Play 5 games",
			"es": "Play 5 games",
			"it": "Play 5 games",
			"ko": "Play 5 games",
			"pt": "Play 5 games",
			"tr": "Play 5 games",
			"af": "Play 5 games",
			"ms": "Play 5 games",
			"nl": "Play 5 games",
			"ru": "Play 5 games",
			"vn": "Play 5 games",
			"zh": "Play 5 games",
			"tw": "Play 5 games",
			"ar": "Play 5 games",
			"hi": "Play 5 games",
			"id": "Play 5 games",
			"ja": "Play 5 games",
			"th": "Play 5 games"
		}
	},
	"play_15": {
		"achievement_code_android": "CgkInePUndUQEAIQBQ",
		"achievement_code_ios": "ballwall_play_15",
		"achievement_code": "play_15",
		"achievement_type": "INCREMENTAL",
		"achievement_steps": 15,
		"achievement_state": "REVEALED",
		"achievement_order": 6,
		"achievement_points": 10,
		"achievement_description": {
			"fr": "Jouer 15 parties",
			"de": "Play 15 games",
			"en": "Play 15 games",
			"es": "Play 15 games",
			"it": "Play 15 games",
			"ko": "Play 15 games",
			"pt": "Play 15 games",
			"tr": "Play 15 games",
			"af": "Play 15 games",
			"ms": "Play 15 games",
			"nl": "Play 15 games",
			"ru": "Play 15 games",
			"vn": "Play 15 games",
			"zh": "Play 15 games",
			"tw": "Play 15 games",
			"ar": "Play 15 games",
			"hi": "Play 15 games",
			"id": "Play 15 games",
			"ja": "Play 15 games",
			"th": "Play 15 games"
		}
	},
	"play_50": {
		"achievement_code_android": "CgkInePUndUQEAIQBg",
		"achievement_code_ios": "ballwall_play_50",
		"achievement_code": "play_50",
		"achievement_type": "INCREMENTAL",
		"achievement_steps": 50,
		"achievement_state": "REVEALED",
		"achievement_order": 7,
		"achievement_points": 25,
		"achievement_description": {
			"fr": "Jouer 50 parties",
			"de": "Play 50 games",
			"en": "Play 50 games",
			"es": "Play 50 games",
			"it": "Play 50 games",
			"ko": "Play 50 games",
			"pt": "Play 50 games",
			"tr": "Play 50 games",
			"af": "Play 50 games",
			"ms": "Play 50 games",
			"nl": "Play 50 games",
			"ru": "Play 50 games",
			"vn": "Play 50 games",
			"zh": "Play 50 games",
			"tw": "Play 50 games",
			"ar": "Play 50 games",
			"hi": "Play 50 games",
			"id": "Play 50 games",
			"ja": "Play 50 games",
			"th": "Play 50 games"
		}
	},
	"balls_4": {
		"achievement_code_android": "CgkInePUndUQEAIQBw",
		"achievement_code_ios": "ballwall_balls_4",
		"achievement_code": "balls_4",
		"achievement_type": "STANDARD",
		"achievement_steps": 1,
		"achievement_state": "REVEALED",
		"achievement_order": 8,
		"achievement_points": 40,
		"achievement_description": {
			"fr": "Avoir 4 boules en même temps",
			"de": "Get 4 balls at the same time",
			"en": "Get 4 balls at the same time",
			"es": "Get 4 balls at the same time",
			"it": "Get 4 balls at the same time",
			"ko": "Get 4 balls at the same time",
			"pt": "Get 4 balls at the same time",
			"tr": "Get 4 balls at the same time",
			"af": "Get 4 balls at the same time",
			"ms": "Get 4 balls at the same time",
			"nl": "Get 4 balls at the same time",
			"ru": "Get 4 balls at the same time",
			"vn": "Get 4 balls at the same time",
			"zh": "Get 4 balls at the same time",
			"tw": "Get 4 balls at the same time",
			"ar": "Get 4 balls at the same time",
			"hi": "Get 4 balls at the same time",
			"id": "Get 4 balls at the same time",
			"ja": "Get 4 balls at the same time",
			"th": "Get 4 balls at the same time"
		}
	}
}