{
	"reach_10": {
		"achievement_family": "reach",
		"achievement_animation": "reach_10"
	},
	"reach_50": {
		"achievement_family": "reach",
		"achievement_animation": "reach_50"
	},
	"reach_75": {
		"achievement_family": "reach",
		"achievement_animation": "reach_75"
	},
	"reach_100": {
		"achievement_family": "reach",
		"achievement_animation": "reach_100"
	},
	"play_5": {
		"achievement_family": "play",
		"achievement_animation": "play_5"
	},
	"play_15": {
		"achievement_family": "play",
		"achievement_animation": "play_15"
	},
	"play_50": {
		"achievement_family": "play",
		"achievement_animation": "play_50"
	},
	"balls_4": {
		"achievement_family": "balls_4",
		"achievement_animation": "balls_4"
	}
	
}