{  
    "newGame":{
		"de":"Neues Spiel",
		"en":"New Game",
		"es":"Juego nuevo",
		"fr":"Nouvelle partie",
		"it":"Nuova partita",
		"ko":"새 게임",
		"pt":"Novo Jogo",
		"tr":"Yeni Oyun",
		"af":"Nuwe Spel",
		"ms":"Permainan Baru",
		"nl":"Nieuw spel",
		"ru":"Новая игра",
		"vn":"Trò chơi mới",
		"zh":"新游戏",
		"tw":"新游戲",
		"ar":"لعبة جديدة",
		"hi":"नया खेल",
		"id":"Permainan Baru",
		"ja":"新しいゲーム",
		"th":"เริ่มเกมใหม่"
	},		
	"continue":{
		"de":"Fortsetzen",
		"en":"Continue",
		"es":"Continuar",
		"fr":"Continuer",
		"it":"Continua",
		"ko":"계속",
		"pt":"Continuar",
		"tr":"Devam Et",
		"af":"Voortgaan",
		"ms":"Teruskan",
		"nl":"Doorgaan",
		"ru":"Продолжить игру",
		"vn":"Tiếp tục",
		"zh":"继续",
		"tw":"繼續",
		"ar":"متابعة",
		"hi":"जारी रहना",
		"id":"Terus",
		"ja":"続ける",
		"th":"เล่นต่อ"
	},
	"bestTime":{
		"de":"Beste Zeit",
		"en":"Best Time",
		"es":"Mejor Tiempo",
		"fr":"Meilleur Temps",
		"it":"Miglior Tempo",
		"ko":"최고의 시간",
		"pt":"Melhor Tempo",
		"tr":"En Iyi Zaman",
		"af":"Beste Tyd",
		"ms":"Masa Terbaik",
		"nl":"Beste Tijd",
		"ru":"Лучшее время",
		"vn":"Thời điểm tốt nhất",
		"zh":"最好的时间",
		"tw":"最好的時間",
		"ar":"أفضل وقت",
		"hi":"श्रेष्ठ समय",
		"id":"Waktu Terbaik",
		"ja":"ベストタイム",
		"th":"เวลาที่ดีที่สุด"
	},
	"score":{
		"de":"Punktzahl",
		"en":"Score",
		"es":"Puntuación",
		"fr":"Score",
		"it":"Punteggio",
		"ko":"점수",
		"pt":"Pontuação",
		"tr":"Skor",
		"af":"Punte",
		"ms":"Markah",	
		"nl":"Score",	
		"ru":"Счёт",	
		"vn":"Điểm",	
		"zh":"评分",
		"tw":"評分",	
		"ar":"نتيجة",		
		"hi":"हिसाब",
		"id":"Skor",
		"ja":"スコア",
		"th":"คะแนน"
	},
	"highScore":{
		"de":"Höchstpunktzahl",
		"en":"High score",
		"es":"Puntuación máxima",
		"fr":"Meilleur score",
		"it":"Record di punti",
		"ko":"최고 점수",
		"pt":"Pontuação Máx.",
		"tr":"Yüksek Skor",	
		"af":"Punte",	 
		"ms":"Markah",			
		"nl":"Topscore",		
		"ru":"Рекорд",		
		"vn":"Điểm",   		
		"zh":"最高评分",
		"tw":"最高分",	
		"ar":"النقاط العلي",		
		"hi":"हिसाब",      
		"id":"Skor",    		
		"ja":"ハイスコア",	
		"th":"คะแนนสูงสุด"
	},
	"averagePerOne":{
		"de":"Durchschnittliche Zeit",
		"en":"Average Time",
		"es":"Tiempo Promedio",
		"fr":"Temps Moyen",
		"it":"Tempo Medio",
		"ko":"평균 시간",
		"pt":"Tempo Médio",
		"tr":"Ortalama Süre",
		"af":"Gemiddelde Tyd",
		"ms":"Masa Purata",
		"nl":"Gemiddelde Tijd",
		"ru":"Среднее время",
		"vn":"Thời gian trung bình",
		"zh":"平均时间",
		"tw":"平均時間",
		"ar":"متوسط الوقت",
		"hi":"औसत समय",
		"id":"Waktu Rata-rata",
		"ja":"平均時間",
		"th":"เวลาเฉลี่ย"
	},
	"completedGames":{
		"de":"Siege",
		"en":"Victories",
		"es":"Victorias",
		"fr":"Victoires",
		"it":"vittorie",
		"ko":"승리",
		"pt":"Vitórias",
		"tr":"Zaferler",
		"af":"Oorwinnings",
		"ms":"Kemenangan",
		"nl":"Overwinningen",
		"ru":"Победы",
		"vn":"Chiến thắng",
		"zh":"胜利",
		"tw":"勝利",
		"ar":"انتصارات",
		"hi":"जीत",
		"id":"Kemenangan",
		"ja":"勝利",
		"th":"ชัยชนะ"
	},			
	"winningStreak":{
		"de":"Gewinnender Streifen",
		"en":"Winning Streak",
		"es":"Racha Ganadora",
		"fr":"Série de Victoires",
		"it":"Striscia Vincente",
		"ko":"연승",
		"pt":"Vitórias Consecutivas",
		"tr":"Kazanan çizgi",
		"af":"Wenstreep",
		"ms":"Coretan Kemenangan",
		"nl":"Winnende Streep",
		"ru":"Победную серию",
		"vn":"Chiến thắng",
		"zh":"连胜",
		"tw":"連勝",
		"ar":"الفوز بالسباق",
		"hi":"जीत लकीर",
		"id":"Kemenangan Beruntun",
		"ja":"勝利ストリーク",
		"th":"ชนะริ้ว"
	},
	"daily":{
		"de":"Herausforderung von der Tag",
		"en":"Challenge of the Day",
		"es":"Desafío del Día",
		"fr":"Défi du Jour",
		"it":"Sfida del Giorno",
		"ko":"오늘의 도전",
		"pt":"Desafio do Dia",
		"tr":"Günün meydan Okuması",
		"af":"Uitdaging van die dag",
		"ms":"Cabaran hari ini",
		"nl":"Uitdaging van de Dag",
		"ru":"Вызов дня",
		"vn":"Thách thức trong ngày",
		"zh":"每日的挑战",
		"tw":"每日的挑戰",
		"ar":"تحدي اليوم",
		"hi":"दिन की चुनौती",
		"id":"Tantangan hari ini",
		"ja":"今日の挑戦",
		"th":"ความท้าทายของวัน"
	},
	"easy":{
		"de":"Einfach",
		"en":"Easy",
		"es":"Fácil",
		"fr":"Facile",
		"it":"Facile",
		"ko":"쉬움",
		"pt":"Fácil",
		"tr":"Kolay",
		"af":"Maklik",
		"ms":"Mudah",
		"nl":"Makkelijk",
		"ru":"Просто",
		"vn":"dễ dàng",
		"zh":"简单",
		"tw":"簡單",
		"ar":"سهل",
		"hi":"आसान",
		"id":"mudah",
		"ja":"易しい",
		"th":"ง่าย"
	},
	"medium":{
		"de":"Mittel",
		"en":"Medium",
		"es":"Intermedio",
		"fr":"Moyen",
		"it":"Medio",
		"ko":"보통",
		"pt":"Médio",
		"tr":"Orta",
		"af":"Medium",
		"ms":"Sederhana",
		"nl":"Normaal",
		"ru":"Средне",
		"vn":"Trung bình",
		"zh":"中等",
		"tw":"中等",
		"ar":"متوسط",
		"hi":"मध्यम",
		"id":"Medium",
		"ja":"普通",
		"th":"ปานกลาง"
	},
	"hard":{
		"de":"Schwer",
		"en":"Hard",
		"es":"Difícil",
		"fr":"Difficile",
		"it":"Difficile",
		"ko":"어려움",
		"pt":"Difícil",
		"tr":"Zor",
		"af":"Hard",
		"ms":"Keras",
		"nl":"Moeilijk",
		"ru":"Сложно",
		"vn":"Cứng",
		"zh":"困难",
		"tw":"困難",
		"ar":"صعب",
		"hi":"कठिन",
		"id":"Keras",
		"ja":"難しい",
		"th":"ยาก"
	},
	"very hard":{
		"de":"Sehr schwer",
		"en":"Very Hard",
		"es":"Muy difícil",
		"fr":"Très difficile",
		"it":"Molto difficile",
		"ko":"매우 어려움",
		"pt":"Muito Difícil",
		"tr":"Çok Zor",
		"af":"Baie Hard",
		"ms":"Sangat Susah",
		"nl":"Zeer moeilijk",
		"ru":"Очень сложно",
		"vn":"Rất khó",
		"zh":"非常困难",
		"tw":"非常困難",
		"ar":"صعب جداً",
		"hi":"बहुत मुश्किल",
		"id":"Sangat Keras",
		"ja":"とても難しい",
		"th":"ยากมาก"
	},
	"power_0":{
		"de":"standard ball",
		"en":"standard ball",
		"es":"standard ball",
		"fr":"standard ball",
		"it":"standard ball",
		"ko":"standard ball",
		"pt":"standard ball",
		"tr":"standard ball",
		"af":"standard ball",
		"ms":"standard ball",
		"nl":"standard ball",
		"ru":"standard ball",
		"vn":"standard ball",
		"zh":"standard ball",
		"tw":"standard ball",
		"ar":"standard ball",
		"hi":"standard ball",
		"id":"standard ball",
		"ja":"standard ball",
		"th":"standard ball"
	},
	"power_1":{
		"de":"speed ball",
		"en":"speed ball",
		"es":"speed ball",
		"fr":"speed ball",
		"it":"speed ball",
		"ko":"speed ball",
		"pt":"speed ball",
		"tr":"speed ball",
		"af":"speed ball",
		"ms":"speed ball",
		"nl":"speed ball",
		"ru":"speed ball",
		"vn":"speed ball",
		"zh":"speed ball",
		"tw":"speed ball",
		"ar":"speed ball",
		"hi":"speed ball",
		"id":"speed ball",
		"ja":"speed ball",
		"th":"speed ball"
	},
	"power_2":{
		"de":"double ball",
		"en":"double ball",
		"es":"double ball",
		"fr":"double ball",
		"it":"double ball",
		"ko":"double ball",
		"pt":"double ball",
		"tr":"double ball",
		"af":"double ball",
		"ms":"double ball",
		"nl":"double ball",
		"ru":"double ball",
		"vn":"double ball",
		"zh":"double ball",
		"tw":"double ball",
		"ar":"double ball",
		"hi":"double ball",
		"id":"double ball",
		"ja":"double ball",
		"th":"double ball"
	},
	"power_3":{
		"de":"slow down",
		"en":"slow down",
		"es":"slow down",
		"fr":"slow down",
		"it":"slow down",
		"ko":"slow down",
		"pt":"slow down",
		"tr":"slow down",
		"af":"slow down",
		"ms":"slow down",
		"nl":"slow down",
		"ru":"slow down",
		"vn":"slow down",
		"zh":"slow down",
		"tw":"slow down",
		"ar":"slow down",
		"hi":"slow down",
		"id":"slow down",
		"ja":"slow down",
		"th":"slow down"
	},
	"power_4":{
		"de":"double points",
		"en":"double points",
		"es":"double points",
		"fr":"double points",
		"it":"double points",
		"ko":"double points",
		"pt":"double points",
		"tr":"double points",
		"af":"double points",
		"ms":"double points",
		"nl":"double points",
		"ru":"double points",
		"vn":"double points",
		"zh":"double points",
		"tw":"double points",
		"ar":"double points",
		"hi":"double points",
		"id":"double points",
		"ja":"double points",
		"th":"double points"
	},
	"power_5":{
		"de":"booster ball",
		"en":"booster ball",
		"es":"booster ball",
		"fr":"booster ball",
		"it":"booster ball",
		"ko":"booster ball",
		"pt":"booster ball",
		"tr":"booster ball",
		"af":"booster ball",
		"ms":"booster ball",
		"nl":"booster ball",
		"ru":"booster ball",
		"vn":"booster ball",
		"zh":"booster ball",
		"tw":"booster ball",
		"ar":"booster ball",
		"hi":"booster ball",
		"id":"booster ball",
		"ja":"booster ball",
		"th":"booster ball"
	}
}