{
	 "powerName":{
		"0": {
			"name" : "STANDARD BALL",	
			"extraPoint": 1,
			"extraSpeed" : 0,
			"speedReduction" : 0,
			"electricTimer" : 0.15
		},		
		"1": {
			"name" : "SPEED BALL",	
			"extraPoint": 1,
			"extraSpeed" : 50,
			"speedReduction" : 0,
			"electricTimer" : 0.15
		},	
		"2":  {
			"name" : "DOUBLE BALLS",
			"extraPoint": 1,
			"extraSpeed" : 0,
			"speedReduction" : 0,
			"electricTimer" : 0.15
		},		
		"3":  {
			"name" : "SLOW DOWN",
			"extraPoint": 1,
			"extraSpeed" : 0,
			"speedReduction" : -150,
			"electricTimer" : 0.15
		},
		"4":  {
			"name" : "DOUBLE POINTS",
			"extraPoint": 2,
			"extraSpeed" : 0,
			"speedReduction" : 0,
			"electricTimer" : 0.15
		},
		"5":  {
			"name" : "BOOSTER BALL",
			"extraPoint": 1,
			"extraSpeed" : 0,
			"speedReduction" : 0,
			"electricTimer" : 0.15
		}		
	}
}