[{"achievement_code":"reach_10","achievements-alias_name":"CgkInePUndUQEAIQAA"},{"achievement_code":"reach_50","achievements-alias_name":"CgkInePUndUQEAIQAQ"},{"achievement_code":"reach_75","achievements-alias_name":"CgkInePUndUQEAIQAg"},{"achievement_code":"reach_100","achievements-alias_name":"CgkInePUndUQEAIQAw"},{"achievement_code":"play_5","achievements-alias_name":"CgkInePUndUQEAIQBA"},{"achievement_code":"play_15","achievements-alias_name":"CgkInePUndUQEAIQBQ"},{"achievement_code":"play_50","achievements-alias_name":"CgkInePUndUQEAIQBg"},{"achievement_code":"balls_4","achievements-alias_name":"CgkInePUndUQEAIQBw"}]