{
	 "global":{
		 "leaderboard_code":"global"
		,"leaderboard_code_android":"CgkInePUndUQEAIQCA"
		,"leaderboard_code_ios":"ballwall_global"
		,"leaderboard_order":1
		,"leaderboard_valuesFormat":"Integer"
		,"leaderboard_valuesOrder":"Larger is better"
		,"leaderboard_limitMin":0
		,"leaderboard_limitMax":0
		,"leaderboard_title":{
			"fr": "Rebonds",
			"de": "Bounces",
			"en": "Bounces",
			"es": "Bounces",
			"it": "Bounces",
			"ko": "Bounces",
			"pt": "Bounces",
			"tr": "Bounces",
			"af": "Bounces",
			"ms": "Bounces",
			"nl": "Bounces",
			"ru": "Bounces",
			"vn": "Bounces",
			"zh": "Bounces",
			"tw": "Bounces",
			"ar": "Bounces",
			"hi": "Bounces",
			"id": "Bounces",
			"ja": "Bounces",
			"th": "Bounces"
		}
	}
}