,Bombe,Canon,Eclair,NbLigneAtStart,BubbleToExplode,ProbaMitraillette,ProbaLinePlus,TIMEBEFOREFALL,Stars1,Stars2,Stars3,TimerMultiplier
lvl_1,unlock,lock,lock,2,15,5,0,30,1500,3000,3800,10
lvl_2,unlock,lock,lock,2,20,5,0,25,2000,4000,5300,10
lvl_3,unlock,unlock,lock,2,25,5,0,15,2500,5000,6900,10
lvl_4,unlock,unlock,unlock,3,50,5,0,15,5000,10000,14600,10
lvl_5,unlock,unlock,unlock,3,52,5,5,15,5200,10400,15200,10
lvl_6,unlock,unlock,unlock,3,54,5,5,15,5400,10800,15800,10
lvl_7,unlock,unlock,unlock,4,56,5,5,15,5600,11200,16500,10
lvl_8,unlock,unlock,unlock,4,58,5,5,15,5800,11600,17100,10
lvl_9,unlock,unlock,unlock,4,60,5,5,15,6000,12000,17700,10
lvl_10,unlock,unlock,unlock,4,90,5,5,15,9000,18000,27000,8
lvl_11,unlock,unlock,unlock,2,92,10,5,15,9200,18400,27600,8
lvl_12,unlock,unlock,unlock,2,94,10,5,15,9400,18800,28200,8
lvl_13,unlock,unlock,unlock,2,96,10,5,15,9600,19200,28900,8
lvl_14,unlock,unlock,unlock,3,98,10,5,15,9800,19600,29500,8
lvl_15,unlock,unlock,unlock,3,100,10,5,15,10000,20000,30100,8
lvl_16,unlock,unlock,unlock,3,112,10,5,15,11200,22400,33800,8
lvl_17,unlock,unlock,unlock,4,114,10,5,15,11400,22800,34400,8
lvl_18,unlock,unlock,unlock,4,116,10,5,15,11600,23200,35100,8
lvl_19,unlock,unlock,unlock,4,118,10,5,15,11800,23600,35700,8
lvl_20,unlock,unlock,unlock,2,120,10,5,15,12000,24000,36300,8
lvl_21,unlock,unlock,unlock,2,150,10,5,15,15000,30000,45600,6
lvl_22,unlock,unlock,unlock,2,152,10,5,15,15200,30400,46200,6
lvl_23,unlock,unlock,unlock,3,154,10,5,15,15400,30800,46800,6
lvl_24,unlock,unlock,unlock,3,156,10,5,15,15600,31200,47500,6
lvl_25,unlock,unlock,unlock,3,158,10,5,15,15800,31600,48100,6
lvl_26,unlock,unlock,unlock,4,160,10,10,15,16000,32000,48700,6
lvl_27,unlock,unlock,unlock,4,162,10,10,15,16200,32400,49300,6
lvl_28,unlock,unlock,unlock,4,164,10,10,15,16400,32800,49900,6
lvl_29,unlock,unlock,unlock,3,166,10,10,15,16600,33200,50600,6
lvl_30,unlock,unlock,unlock,3,170,10,10,15,17000,34000,51800,4
lvl_31,unlock,unlock,unlock,3,200,10,10,15,20000,40000,61100,4
lvl_32,unlock,unlock,unlock,4,202,10,10,15,20200,40400,61700,4
lvl_33,unlock,unlock,unlock,4,204,10,10,15,20400,40800,62300,4
lvl_34,unlock,unlock,unlock,4,206,10,10,15,20600,41200,63000,4
lvl_35,unlock,unlock,unlock,2,208,10,10,15,20800,41600,63600,4
lvl_36,unlock,unlock,unlock,2,210,10,10,15,21000,42000,64200,4
lvl_37,unlock,unlock,unlock,3,212,15,10,15,21200,42400,64800,4
lvl_38,unlock,unlock,unlock,3,214,15,10,15,21400,42800,65400,4
lvl_39,unlock,unlock,unlock,3,216,15,10,15,21600,43200,66100,4
lvl_40,unlock,unlock,unlock,4,220,15,10,15,22000,44000,67300,4
lvl_41,unlock,unlock,unlock,4,250,15,10,15,25000,50000,76600,6
lvl_42,unlock,unlock,unlock,4,252,15,10,15,25200,50400,77200,6
lvl_43,unlock,unlock,unlock,4,254,15,10,15,25400,50800,77800,6
lvl_44,unlock,unlock,unlock,2,256,15,15,15,25600,51200,78500,6
lvl_45,unlock,unlock,unlock,2,258,15,15,15,25800,51600,79100,6
lvl_46,unlock,unlock,unlock,2,260,15,15,15,26000,52000,79700,6
lvl_47,unlock,unlock,unlock,3,262,15,15,15,26200,52400,80300,6
lvl_48,unlock,unlock,unlock,3,264,15,15,15,26400,52800,80900,6
lvl_49,unlock,unlock,unlock,3,266,15,15,15,26600,53200,81600,6
lvl_50,unlock,unlock,unlock,4,270,15,15,15,27000,54000,82800,6
lvl_51,unlock,unlock,unlock,4,300,20,15,10,30000,60000,92100,4
lvl_52,unlock,unlock,unlock,4,302,20,15,10,30200,60400,92700,4
lvl_53,unlock,unlock,unlock,2,304,20,15,10,30400,60800,93300,4
lvl_54,unlock,unlock,unlock,2,306,20,15,10,30600,61200,94000,4
lvl_55,unlock,unlock,unlock,2,308,20,15,10,30800,61600,94600,4
lvl_56,unlock,unlock,unlock,3,310,20,15,10,31000,62000,95200,4
lvl_57,unlock,unlock,unlock,3,312,20,15,10,31200,62400,95800,4
lvl_58,unlock,unlock,unlock,3,314,20,15,10,31400,62800,96400,4
lvl_59,unlock,unlock,unlock,4,316,20,15,10,31600,63200,97100,4
lvl_60,unlock,unlock,unlock,4,318,20,15,10,31800,63600,97700,6
lvl_61,unlock,unlock,unlock,4,320,20,15,10,32000,64000,98300,6
lvl_62,unlock,unlock,unlock,3,322,20,15,10,32200,64400,98900,6
lvl_63,unlock,unlock,unlock,3,324,20,15,10,32400,64800,99500,6
lvl_64,unlock,unlock,unlock,3,326,20,15,10,32600,65200,100200,6
lvl_65,unlock,unlock,unlock,4,328,20,15,10,32800,65600,100800,6
lvl_66,unlock,unlock,unlock,4,330,20,15,10,33000,66000,101400,6
lvl_67,unlock,unlock,unlock,4,332,20,15,10,33200,66400,102000,6
lvl_68,unlock,unlock,unlock,2,334,20,15,10,33400,66800,102600,6
lvl_69,unlock,unlock,unlock,2,336,20,15,8,33600,67200,103300,6
lvl_70,unlock,unlock,unlock,2,338,20,15,8,33800,67600,103900,4
lvl_71,unlock,unlock,unlock,3,340,20,20,8,34000,68000,104500,4
lvl_72,unlock,unlock,unlock,3,342,20,20,8,34200,68400,105100,4
lvl_73,unlock,unlock,unlock,3,344,20,20,8,34400,68800,105700,4
lvl_74,unlock,unlock,unlock,4,346,20,20,8,34600,69200,106400,4
lvl_75,unlock,unlock,unlock,4,348,20,20,8,34800,69600,107000,4
lvl_76,unlock,unlock,unlock,4,350,20,20,8,35000,70000,107600,4
lvl_77,unlock,unlock,unlock,2,352,20,20,8,35200,70400,108200,4
lvl_78,unlock,unlock,unlock,2,354,20,20,8,35400,70800,108800,4
lvl_79,unlock,unlock,unlock,2,356,20,20,8,35600,71200,109500,4
lvl_80,unlock,unlock,unlock,3,358,20,20,8,35800,71600,110100,4
lvl_81,unlock,unlock,unlock,3,360,20,20,8,36000,72000,110700,6
lvl_82,unlock,unlock,unlock,3,362,20,20,8,36200,72400,111300,6
lvl_83,unlock,unlock,unlock,4,364,20,20,8,36400,72800,111900,6
lvl_84,unlock,unlock,unlock,4,366,20,20,8,36600,73200,112600,6
lvl_85,unlock,unlock,unlock,4,368,20,20,8,36800,73600,113200,6
lvl_86,unlock,unlock,unlock,3,370,20,20,8,37000,74000,113800,6
lvl_87,unlock,unlock,unlock,3,372,20,20,8,37200,74400,114400,6
lvl_88,unlock,unlock,unlock,3,374,20,20,8,37400,74800,115000,6
lvl_89,unlock,unlock,unlock,4,376,20,20,8,37600,75200,115700,6
lvl_90,unlock,unlock,unlock,4,378,20,20,8,37800,75600,116300,6
lvl_91,unlock,unlock,unlock,4,380,20,20,8,38000,76000,116900,4
lvl_92,unlock,unlock,unlock,3,382,20,20,8,38200,76400,117500,4
lvl_93,unlock,unlock,unlock,3,384,20,20,8,38400,76800,118100,4
lvl_94,unlock,unlock,unlock,3,386,20,20,8,38600,77200,118800,4
lvl_95,unlock,unlock,unlock,4,388,20,20,8,38800,77600,119400,4
lvl_96,unlock,unlock,unlock,4,390,20,20,8,39000,78000,120000,4
lvl_97,unlock,unlock,unlock,4,392,20,20,8,39200,78400,120600,4
lvl_98,unlock,unlock,unlock,3,394,20,20,8,39400,78800,121200,4
lvl_99,unlock,unlock,unlock,3,396,20,20,8,39600,79200,121900,4
lvl_100,unlock,unlock,unlock,4,398,20,20,8,39800,79600,122500,4
